version,release_date,last_commit
release-2.0.0,2016-02-09,f90366404453ad9a42ed389f89dc7a23ccaa863c
release-2.0.1,2016-05-03,b6218275b00b64aed7efaf470784cc0441464f67
storage-release-2.7.0-rc0,2018-07-06,eae5225f4301254cd8c5ad127bc242890bd441a8
storage-release-2.7.0-rc1,2018-07-12,a3eacb9ddc1039dd0866928d0860f31e38a3d7aa
release-2.3.5-rc0,2019-05-07,47aa61ec8314334fb695572204caca28869fc88a
release-3.1.2-rc0,2019-08-21,1cf38b648e9517cbd84ee7faada72996bc757e56
storage-release-2.7.2-rc0,2020-03-24,ac5941cf31754ee5fbfe4b6f0ca573c0948115a2
storage-release-2.7.2-rc1,2020-05-05,772bfdadab6f3d8c3a54431fe7b6e8b115e99b29
release-2.3.8-rc0,2020-12-07,33fc0b2f38f3714e15c9cd02991f11fa79e4368e
release-2.3.8-rc1,2020-12-09,a0c9f8eef6b171ef581c99492ccde5954ca2f0c2
release-2.3.8-rc2,2020-12-14,fb046c77257d648d0ee232356bdf665772b28bdd
release-2.3.8-rc3,2021-01-06,bf14f73aaff3ed16bb35b0c21e644ba8fba52d10
release-2.3.9-rc0,2021-06-01,1cc87d09cf0514f3fb962a816babb7eea859163c
storage-release-2.7.3-rc0,2021-06-07,eedcd82bc2d61861a27205f925ba0ffab9b6bca8
storage-release-2.8.0-rc0,2021-06-18,ad925ea4ad49a40ecc131d5a78799d38943f0b74
storage-release-2.8.1-rc0,2021-07-23,22f984d2e2eca2badc29f852d9dba6df7f4c433a
storage-release-2.7.3-rc1,2021-07-26,4034e5f78bc7b6ae765f610654e1e5449665ed1d
storage-release-2.8.1-rc1,2021-07-26,4034e5f78bc7b6ae765f610654e1e5449665ed1d
storage-release-2.7.3-rc2,2021-07-29,eef2a5dda0470525d0d89bd9820e761fe44dc3a8
storage-release-2.8.1-rc2,2021-07-29,eef2a5dda0470525d0d89bd9820e761fe44dc3a8
release-3.1.3-rc0,2022-02-27,f25689be7089872d2e981f80d6d6493d241ac148
release-3.1.3-rc1,2022-03-08,9e19277a66e58a9483705d3793620842a510d76c
release-3.1.3-rc2,2022-03-24,c3fa88a1b7d1475f44383fca913aecf9c664bab0
release-3.1.3-rc3,2022-03-24,c3fa88a1b7d1475f44383fca913aecf9c664bab0
release-2.3.10-rc0,2024-04-20,2134e3dafaf95d56ec8531a1185ac0170199b218
release-2.3.10-rc1,2024-05-04,978194b7739e53b4b0e555a8b616a1ccf7d8d437
